{"packages/cupertino_icons/assets/CupertinoIcons.ttf":["packages/cupertino_icons/assets/CupertinoIcons.ttf"],"assets/fonts/DancingScript-VariableFont_wght.ttf":["assets/fonts/DancingScript-VariableFont_wght.ttf"],"assets/fonts/Merienda-Bold.ttf":["assets/fonts/Merienda-Bold.ttf"],"assets/fonts/Merienda-Regular.ttf":["assets/fonts/Merienda-Regular.ttf"],"assets/fonts/NotoSansJP-Regular.otf":["assets/fonts/NotoSansJP-Regular.otf"],"assets/fonts/Poppins-Medium.ttf":["assets/fonts/Poppins-Medium.ttf"],"assets/fonts/Poppins-Regular.ttf":["assets/fonts/Poppins-Regular.ttf"],"assets/fonts/SourceSansPro-Regular.ttf":["assets/fonts/SourceSansPro-Regular.ttf"],"assets/fonts/SourceSerifPro-Bold.ttf":["assets/fonts/SourceSerifPro-Bold.ttf"],"assets/fonts/SourceSerifPro-Regular.ttf":["assets/fonts/SourceSerifPro-Regular.ttf"],"assets/fonts/Tourney-VariableFont_wdth,wght.ttf":["assets/fonts/Tourney-VariableFont_wdth,wght.ttf"],"assets/fonts/Ubuntu-Regular.ttf":["assets/fonts/Ubuntu-Regular.ttf"],"assets/fonts/ZenTokyoZoo-Regular.ttf":["assets/fonts/ZenTokyoZoo-Regular.ttf"],"avoid-touch.png":["assets/avoid-touch.png"],"cough.png":["assets/cough.png"],"covid-19.png":["assets/covid-19.png"],"difficulty-breathing.png":["assets/difficulty-breathing.png"],"fever.png":["assets/fever.png"],"germ.png":["assets/germ.png"],"hand-wash.png":["assets/hand-wash.png"],"india.png":["assets/india.png"],"keep-distance.png":["assets/keep-distance.png"],"mask.png":["assets/mask.png"],"medical-mask.png":["assets/medical-mask.png"],"pandemic-1.png":["assets/pandemic-1.png"],"pandemic-2.png":["assets/pandemic-2.png"],"runny-nose.png":["assets/runny-nose.png"],"sick.png":["assets/sick.png"],"sore-throat.png":["assets/sore-throat.png"],"stay-home.png":["assets/stay-home.png"],"tissue.png":["assets/tissue.png"],"virus.png":["assets/virus.png"]}