[{"family":"MaterialIcons","fonts":[{"asset":"fonts/MaterialIcons-Regular.ttf"}]},{"family":"Merienda","fonts":[{"asset":"assets/fonts/Merienda-Regular.ttf"},{"asset":"assets/fonts/Merienda-Bold.ttf"}]},{"family":"Poppins","fonts":[{"asset":"assets/fonts/Poppins-Regular.ttf"},{"asset":"assets/fonts/Poppins-Medium.ttf"}]},{"family":"Source Serif Pro","fonts":[{"asset":"assets/fonts/SourceSerifPro-Regular.ttf"},{"asset":"assets/fonts/SourceSerifPro-Bold.ttf"}]},{"family":"Source Sans Pro","fonts":[{"asset":"assets/fonts/SourceSansPro-Regular.ttf"},{"asset":"assets/fonts/SourceSerifPro-Bold.ttf"}]},{"family":"NotoSansJP","fonts":[{"asset":"assets/fonts/NotoSansJP-Regular.otf"}]},{"family":"DancingScript","fonts":[{"asset":"assets/fonts/DancingScript-VariableFont_wght.ttf"}]},{"family":"Tourney","fonts":[{"asset":"assets/fonts/Tourney-VariableFont_wdth,wght.ttf"}]},{"family":"Ubuntu","fonts":[{"asset":"assets/fonts/Ubuntu-Regular.ttf"}]},{"family":"ZenTokyoZoo","fonts":[{"asset":"assets/fonts/ZenTokyoZoo-Regular.ttf"}]},{"family":"packages/cupertino_icons/CupertinoIcons","fonts":[{"asset":"packages/cupertino_icons/assets/CupertinoIcons.ttf"}]}]